{
  "status_changes": {
    "$id": "#/properties/data/properties/status_changes",
    "type": "array",
    "title": "The status_changes payload",
    "items": {
      "$id": "#/properties/data/properties/status_changes/items",
      "type": "object",
      "title": "The status_change item schema",
      "additionalProperties": false,
      "required": [
        "vehicle_state",
        "event_types",
        "event_time",
        "event_location"
      ],
      "properties": {
        "event_time": {
          "$id": "#/properties/data/properties/status_changes/items/properties/event_time",
          "$ref": "#/definitions/timestamp",
          "description": "The time the event occurred, expressed as a Unix Timestamp"
        },
        "publication_time": {
          "$id": "#/properties/data/properties/status_changes/items/properties/publication_time",
          "$ref": "#/definitions/timestamp",
          "description": "The time the event became available through the status changes endpoint, expressed as a Unix Timestamp"
        },
        "event_location": {
          "$id": "#/properties/data/properties/status_changes/items/properties/event_location",
          "$ref": "#/definitions/MDS_Feature_Point",
          "description": "The GPS or GNSS coordinates of where the event occurred"
        },
        "vehicle_state": {
          "$id": "#/properties/data/properties/status_changes/items/properties/vehicle_state",
          "$ref": "#/definitions/vehicle_state",
          "description": "The state of the vehicle"
        },
        "event_types": {
          "$id": "#/properties/data/properties/status_changes/items/properties/event_types",
          "$ref": "#/definitions/vehicle_events",
          "description": "The event(s) that caused a change in the vehicle's state"
        },
        "battery_pct": {
          "$id": "#/properties/data/properties/status_changes/items/properties/battery_pct",
          "type": [
            "number",
            "null"
          ],
          "description": "Percent charge of device battery, expressed between 0 and 1",
          "examples": [
            0.89
          ],
          "minimum": 0,
          "maximum": 1
        },
        "trip_id": {
          "$id": "#/properties/data/properties/status_changes/items/properties/trip_id",
          "$ref": "#/definitions/uuid",
          "description": "Trip UUID (foreign key to Trips API), required if event_types contains trip_start, trip_end, trip_cancel, trip_enter_jurisdiction, or trip_leave_jurisdiction"
        },
        "associated_ticket": {
          "$id": "#/properties/data/properties/status_changes/items/properties/associated_ticket",
          "$ref": "#/definitions/string",
          "description": "Identifier for an associated ticket inside an Agency-maintained 311 or CRM system."
        }
      },
      "allOf": []
    }
  }
}