{
  "vehicles": {
    "$id": "#/properties/data/properties/vehicles",
    "type": "array",
    "title": "The vehicles payload",
    "items": {
      "$id": "#/properties/data/properties/vehicles/items",
      "type": "object",
      "title": "The vehicle item schema",
      "required": [
        "last_event_time",
        "last_vehicle_state",
        "last_event_types",
        "last_event_location"
      ],
      "properties": {
        "last_event_time": {
          "$id": "#/properties/data/properties/vehicles/items/properties/last_event_time",
          "$ref": "#/definitions/timestamp",
          "description": "The time the most recent status change event occurred, expressed as a Unix Timestamp"
        },
        "last_vehicle_state": {
          "$id": "#/properties/data/properties/vehicles/items/properties/last_vehicle_state",
          "$ref": "#/definitions/vehicle_state",
          "description": "The last known state of the vehicle"
        },
        "last_event_types": {
          "$id": "#/properties/data/properties/vehicles/items/properties/last_event_types",
          "$ref": "#/definitions/vehicle_events",
          "description": "The most recent event(s) that caused a change in the vehicle's state"
        },
        "last_event_location": {
          "$id": "#/properties/data/properties/vehicles/items/properties/last_event_location",
          "$ref": "#/definitions/MDS_Feature_Point",
          "description": "Location of the vehicle's last status change event"
        },
        "current_location": {
          "$id": "#/properties/data/properties/vehicles/items/properties/current_location",
          "$ref": "#/definitions/MDS_Feature_Point",
          "description": "Current location of vehicle if different from last event, and the vehicle is not currently on a trip"
        },
        "battery_pct": {
          "$id": "#/properties/data/properties/vehicles/items/properties/battery_pct",
          "type": [
            "number",
            "null"
          ],
          "description": "Percent charge of device battery, expressed between 0 and 1",
          "examples": [
            0.89
          ],
          "minimum": 0,
          "maximum": 1
        }
      },
      "allOf": [
        {
          "description": "Valid last_vehicle_state values for this endpoint",
          "properties": {
            "last_vehicle_state": {
              "enum": [
                "available",
                "non_operational",
                "reserved"
              ]
            }
          }
        }
      ]
    }
  }
}