{
  "$id": "https://raw.githubusercontent.com/openmobilityfoundation/mobility-data-specification/main/agency/get_vehicle.json",
  "$schema": "http://json-schema.org/draft-06/schema#",
  "title": "The MDS Agency Schema, GET vehicle payload",
  "type": "object",
  "definitions": {
    "propulsion_types": {
      "$id": "#/definitions/propulsion_types",
      "type": "array",
      "description": "Array of propulsion types, allowing multiple values",
      "items": {
        "$id": "#/definitions/propulsion_types/items",
        "$ref": "#/definitions/propulsion_type"
      },
      "uniqueItems": true
    },
    "string": {
      "$id": "#/definitions/string",
      "type": "string",
      "description": "A length-limited string type",
      "maxLength": 255,
      "default": "",
      "examples": [
        "ABC123"
      ],
      "pattern": "^(.*)$"
    },
    "timestamp": {
      "$id": "#/definitions/timestamp",
      "type": "number",
      "description": "Integer milliseconds since Unix epoch",
      "multipleOf": 1.0,
      "minimum": 0
    },
    "vehicle_type": {
      "$id": "#/definitions/vehicle_type",
      "type": "string",
      "description": "The type of vehicle",
      "enum": [
        "bicycle",
        "car",
        "scooter",
        "moped",
        "other"
      ]
    },
    "uuid": {
      "$id": "#/definitions/uuid",
      "type": "string",
      "description": "A UUID used to uniquely identifty an object",
      "default": "",
      "examples": [
        "3c9604d6-b5ee-11e8-96f8-529269fb1459"
      ],
      "pattern": "^([0-9a-f]{8}-[0-9a-f]{4}-[0-9a-f]{4}-[0-9a-f]{4}-[0-9a-f]{12})$"
    },
    "vehicle_state": {
      "$id": "#/definitions/vehicle_state",
      "type": "string",
      "description": "The state of a vehicle",
      "enum": [
        "available",
        "elsewhere",
        "non_operational",
        "on_trip",
        "removed",
        "reserved",
        "unknown"
      ]
    },
    "vehicle_event": {
      "$id": "#/definitions/vehicle_event",
      "type": "string",
      "description": "An event that changes a vehicle's state",
      "enum": [
        "agency_drop_off",
        "agency_pick_up",
        "battery_charged",
        "battery_low",
        "comms_lost",
        "comms_restored",
        "compliance_pick_up",
        "decommissioned",
        "located",
        "maintenance",
        "maintenance_pick_up",
        "missing",
        "off_hours",
        "on_hours",
        "provider_drop_off",
        "rebalance_pick_up",
        "reservation_cancel",
        "reservation_start",
        "system_resume",
        "system_suspend",
        "trip_cancel",
        "trip_end",
        "trip_enter_jurisdiction",
        "trip_leave_jurisdiction",
        "trip_start",
        "unspecified"
      ]
    },
    "vehicle_events": {
      "$id": "#/definitions/vehicle_events",
      "type": "array",
      "description": "Array of events indicating a change to a vehicle's state",
      "uniqueItems": true,
      "minItems": 1,
      "items": {
        "$ref": "#/definitions/vehicle_event"
      }
    }
  },
  "required": [
    "provider_id",
    "device_id",
    "vehicle_id",
    "vehicle_type",
    "propulsion_types",
    "year",
    "mfgr",
    "model",
    "state",
    "prev_events",
    "updated"
  ],
  "properties": {
    "provider_id": {
      "$id": "#/definitions/vehicle/properties/provider_id",
      "$ref": "#/definitions/uuid",
      "description": "The UUID for the Provider, unique within MDS"
    },
    "device_id": {
      "$id": "#/definitions/vehicle/properties/device_id",
      "$ref": "#/definitions/uuid",
      "description": "A unique device ID in UUID format"
    },
    "vehicle_id": {
      "$id": "#/definitions/vehicle/properties/vehicle_id",
      "$ref": "#/definitions/string",
      "description": "The Vehicle Identification Number visible on the vehicle itself"
    },
    "vehicle_type": {
      "$id": "#/definitions/vehicle/properties/vehicle_type",
      "$ref": "#/definitions/vehicle_type",
      "description": "The type of vehicle"
    },
    "propulsion_types": {
      "$id": "#/definitions/vehicle/properties/propulsion_types",
      "$ref": "#/definitions/propulsion_types",
      "description": "The type of propulsion; allows multiple values",
      "minItems": 1
    },
    "year": {
      "$id": "#/properties/year",
      "type": "integer",
      "description": "The year the vehicle was manufactured",
      "default": 1970,
      "examples": [
        2018
      ]
    },
    "mfgr": {
      "$id": "#/properties/mfgr",
      "$ref": "#/definitions/string",
      "description": "The vehicle manufacturer"
    },
    "model": {
      "$id": "#/properties/model",
      "$ref": "#/definitions/string",
      "description": "The vehicle model"
    },
    "state": {
      "$id": "#/properties/state",
      "$ref": "#/definitions/vehicle_state",
      "description": "Current vehicle state"
    },
    "prev_events": {
      "$id": "#/properties/prev_events",
      "$ref": "#/definitions/vehicle_events",
      "description": "Last vehicle event"
    },
    "updated": {
      "$id": "#/properties/updated",
      "$ref": "#/definitions/timestamp"
    }
  },
  "additionalProperties": false,
  "allOf": [
    {
      "description": "valid vehicle_state and vehicle_events combinations",
      "oneOf": [
        {
          "properties": {
            "state": {
              "const": "available"
            },
            "prev_events": {
              "contains": {
                "enum": [
                  "agency_drop_off",
                  "battery_charged",
                  "comms_restored",
                  "located",
                  "maintenance",
                  "on_hours",
                  "provider_drop_off",
                  "reservation_cancel",
                  "system_resume",
                  "trip_cancel",
                  "trip_end",
                  "unspecified"
                ]
              }
            }
          }
        },
        {
          "properties": {
            "state": {
              "const": "elsewhere"
            },
            "prev_events": {
              "contains": {
                "enum": [
                  "comms_restored",
                  "located",
                  "trip_leave_jurisdiction",
                  "unspecified"
                ]
              }
            }
          }
        },
        {
          "properties": {
            "state": {
              "const": "non_operational"
            },
            "prev_events": {
              "contains": {
                "enum": [
                  "battery_low",
                  "comms_restored",
                  "located",
                  "maintenance",
                  "off_hours",
                  "system_suspend",
                  "unspecified"
                ]
              }
            }
          }
        },
        {
          "properties": {
            "state": {
              "const": "on_trip"
            },
            "prev_events": {
              "contains": {
                "enum": [
                  "comms_restored",
                  "located",
                  "trip_enter_jurisdiction",
                  "trip_start",
                  "unspecified"
                ]
              }
            }
          }
        },
        {
          "properties": {
            "state": {
              "const": "removed"
            },
            "prev_events": {
              "contains": {
                "enum": [
                  "agency_pick_up",
                  "compliance_pick_up",
                  "decommissioned",
                  "located",
                  "maintenance_pick_up",
                  "rebalance_pick_up",
                  "unspecified"
                ]
              }
            }
          }
        },
        {
          "properties": {
            "state": {
              "const": "reserved"
            },
            "prev_events": {
              "contains": {
                "enum": [
                  "comms_restored",
                  "located",
                  "reservation_start",
                  "unspecified"
                ]
              }
            }
          }
        },
        {
          "properties": {
            "state": {
              "const": "unknown"
            },
            "prev_events": {
              "contains": {
                "enum": [
                  "comms_lost",
                  "missing",
                  "unspecified"
                ]
              }
            }
          }
        }
      ]
    }
  ]
}