{
  "$id": "https://raw.githubusercontent.com/openmobilityfoundation/mobility-data-specification/main/agency/post_vehicle_event.json",
  "$schema": "http://json-schema.org/draft-06/schema#",
  "title": "The MDS Agency Schema, POST vehicle status body",
  "type": "object",
  "definitions": {
    "telemetry": {
      "$id": "#/definitions/telemetry",
      "type": "object",
      "description": "A vehicle telemetry datum",
      "required": [
        "device_id",
        "timestamp",
        "gps"
      ],
      "additionalProperties": false,
      "properties": {
        "device_id": {
          "$ref": "#/definitions/uuid"
        },
        "timestamp": {
          "$ref": "#/definitions/timestamp"
        },
        "gps": {
          "type": "object",
          "required": [
            "lat",
            "lng"
          ],
          "additionalProperties": false,
          "properties": {
            "lat": {
              "type": "number",
              "description": "Latitude of the location",
              "minimum": -90,
              "maximum": 90
            },
            "lng": {
              "type": "number",
              "description": "Longitude of the location",
              "minimum": -180,
              "maximum": 180
            },
            "altitude": {
              "type": "number",
              "description": "Altitude above mean sea level in meters"
            },
            "heading": {
              "type": "number",
              "description": "Degrees clockwise from true north"
            },
            "speed": {
              "type": "number",
              "description": "Speed in meters/sec"
            },
            "accuracy": {
              "type": "number",
              "description": "Accuracy in meters"
            },
            "hdop": {
              "type": "number",
              "description": "Horizontal GPS or GNSS accuracy value"
            },
            "satellites": {
              "type": "integer",
              "description": "Number of GPS or GNSS satellites"
            }
          }
        },
        "charge": {
          "type": "number",
          "description": "Fraction of charge of the vehicle (required if applicable",
          "minimum": 0,
          "maximum": 1
        }
      }
    },
    "timestamp": {
      "$id": "#/definitions/timestamp",
      "type": "number",
      "description": "Integer milliseconds since Unix epoch",
      "multipleOf": 1.0,
      "minimum": 0
    },
    "uuid": {
      "$id": "#/definitions/uuid",
      "type": "string",
      "description": "A UUID used to uniquely identifty an object",
      "default": "",
      "examples": [
        "3c9604d6-b5ee-11e8-96f8-529269fb1459"
      ],
      "pattern": "^([0-9a-f]{8}-[0-9a-f]{4}-[0-9a-f]{4}-[0-9a-f]{4}-[0-9a-f]{12})$"
    },
    "vehicle_state": {
      "$id": "#/definitions/vehicle_state",
      "type": "string",
      "description": "The state of a vehicle",
      "enum": [
        "available",
        "elsewhere",
        "non_operational",
        "on_trip",
        "removed",
        "reserved",
        "unknown"
      ]
    },
    "vehicle_event": {
      "$id": "#/definitions/vehicle_event",
      "type": "string",
      "description": "An event that changes a vehicle's state",
      "enum": [
        "agency_drop_off",
        "agency_pick_up",
        "battery_charged",
        "battery_low",
        "comms_lost",
        "comms_restored",
        "compliance_pick_up",
        "decommissioned",
        "located",
        "maintenance",
        "maintenance_pick_up",
        "missing",
        "off_hours",
        "on_hours",
        "provider_drop_off",
        "rebalance_pick_up",
        "reservation_cancel",
        "reservation_start",
        "system_resume",
        "system_suspend",
        "trip_cancel",
        "trip_end",
        "trip_enter_jurisdiction",
        "trip_leave_jurisdiction",
        "trip_start",
        "unspecified"
      ]
    },
    "vehicle_events": {
      "$id": "#/definitions/vehicle_events",
      "type": "array",
      "description": "Array of events indicating a change to a vehicle's state",
      "uniqueItems": true,
      "minItems": 1,
      "items": {
        "$ref": "#/definitions/vehicle_event"
      }
    }
  },
  "required": [
    "vehicle_state",
    "event_types",
    "timestamp",
    "telemetry"
  ],
  "properties": {
    "vehicle_state": {
      "$ref": "#/definitions/vehicle_state"
    },
    "event_types": {
      "$ref": "#/definitions/vehicle_events"
    },
    "timestamp": {
      "$ref": "#/definitions/timestamp"
    },
    "telemetry": {
      "$ref": "#/definitions/telemetry"
    },
    "trip_id": {
      "$ref": "#/definitions/uuid"
    }
  },
  "additionalProperties": false,
  "allOf": [
    {
      "description": "valid vehicle_state and vehicle_events combinations",
      "oneOf": [
        {
          "properties": {
            "vehicle_state": {
              "const": "available"
            },
            "event_types": {
              "contains": {
                "enum": [
                  "agency_drop_off",
                  "battery_charged",
                  "comms_restored",
                  "located",
                  "maintenance",
                  "on_hours",
                  "provider_drop_off",
                  "reservation_cancel",
                  "system_resume",
                  "trip_cancel",
                  "trip_end",
                  "unspecified"
                ]
              }
            }
          }
        },
        {
          "properties": {
            "vehicle_state": {
              "const": "elsewhere"
            },
            "event_types": {
              "contains": {
                "enum": [
                  "comms_restored",
                  "located",
                  "trip_leave_jurisdiction",
                  "unspecified"
                ]
              }
            }
          }
        },
        {
          "properties": {
            "vehicle_state": {
              "const": "non_operational"
            },
            "event_types": {
              "contains": {
                "enum": [
                  "battery_low",
                  "comms_restored",
                  "located",
                  "maintenance",
                  "off_hours",
                  "system_suspend",
                  "unspecified"
                ]
              }
            }
          }
        },
        {
          "properties": {
            "vehicle_state": {
              "const": "on_trip"
            },
            "event_types": {
              "contains": {
                "enum": [
                  "comms_restored",
                  "located",
                  "trip_enter_jurisdiction",
                  "trip_start",
                  "unspecified"
                ]
              }
            }
          }
        },
        {
          "properties": {
            "vehicle_state": {
              "const": "removed"
            },
            "event_types": {
              "contains": {
                "enum": [
                  "agency_pick_up",
                  "compliance_pick_up",
                  "decommissioned",
                  "located",
                  "maintenance_pick_up",
                  "rebalance_pick_up",
                  "unspecified"
                ]
              }
            }
          }
        },
        {
          "properties": {
            "vehicle_state": {
              "const": "reserved"
            },
            "event_types": {
              "contains": {
                "enum": [
                  "comms_restored",
                  "located",
                  "reservation_start",
                  "unspecified"
                ]
              }
            }
          }
        },
        {
          "properties": {
            "vehicle_state": {
              "const": "unknown"
            },
            "event_types": {
              "contains": {
                "enum": [
                  "comms_lost",
                  "missing",
                  "unspecified"
                ]
              }
            }
          }
        }
      ]
    },
    {
      "description": "Conditionally require a trip_id reference",
      "anyOf": [
        {
          "not": {
            "properties": {
              "event_types": {
                "contains": {
                  "enum": [
                    "trip_cancel",
                    "trip_end",
                    "trip_enter_jurisdiction",
                    "trip_leave_jurisdiction",
                    "trip_start"
                  ]
                }
              }
            }
          }
        },
        {
          "required": [
            "trip_id"
          ]
        }
      ]
    }
  ]
}