{
  "$id": "https://raw.githubusercontent.com/openmobilityfoundation/mobility-data-specification/main/agency/post_vehicle.json",
  "$schema": "http://json-schema.org/draft-06/schema#",
  "title": "The MDS Agency Schema, register vehicle body",
  "type": "object",
  "definitions": {
    "propulsion_types": {
      "$id": "#/definitions/propulsion_types",
      "type": "array",
      "description": "Array of propulsion types, allowing multiple values",
      "items": {
        "$id": "#/definitions/propulsion_types/items",
        "$ref": "#/definitions/propulsion_type"
      },
      "uniqueItems": true
    },
    "string": {
      "$id": "#/definitions/string",
      "type": "string",
      "description": "A length-limited string type",
      "maxLength": 255,
      "default": "",
      "examples": [
        "ABC123"
      ],
      "pattern": "^(.*)$"
    },
    "vehicle_type": {
      "$id": "#/definitions/vehicle_type",
      "type": "string",
      "description": "The type of vehicle",
      "enum": [
        "bicycle",
        "car",
        "scooter",
        "moped",
        "other"
      ]
    },
    "uuid": {
      "$id": "#/definitions/uuid",
      "type": "string",
      "description": "A UUID used to uniquely identifty an object",
      "default": "",
      "examples": [
        "3c9604d6-b5ee-11e8-96f8-529269fb1459"
      ],
      "pattern": "^([0-9a-f]{8}-[0-9a-f]{4}-[0-9a-f]{4}-[0-9a-f]{4}-[0-9a-f]{12})$"
    }
  },
  "required": [
    "device_id",
    "vehicle_id",
    "vehicle_type",
    "propulsion_types"
  ],
  "properties": {
    "device_id": {
      "$id": "#/definitions/vehicle/properties/device_id",
      "$ref": "#/definitions/uuid",
      "description": "A unique device ID in UUID format"
    },
    "vehicle_id": {
      "$id": "#/definitions/vehicle/properties/vehicle_id",
      "$ref": "#/definitions/string",
      "description": "The Vehicle Identification Number visible on the vehicle itself"
    },
    "vehicle_type": {
      "$id": "#/definitions/vehicle/properties/vehicle_type",
      "$ref": "#/definitions/vehicle_type",
      "description": "The type of vehicle"
    },
    "propulsion_types": {
      "$id": "#/definitions/vehicle/properties/propulsion_types",
      "$ref": "#/definitions/propulsion_types",
      "description": "The type of propulsion; allows multiple values",
      "minItems": 1
    },
    "year": {
      "$id": "#/properties/year",
      "type": "integer",
      "description": "The year the vehicle was manufactured",
      "default": 1970,
      "examples": [
        2018
      ]
    },
    "mfgr": {
      "$id": "#/properties/mfgr",
      "$ref": "#/definitions/string",
      "description": "The vehicle manufacturer"
    },
    "model": {
      "$id": "#/properties/model",
      "$ref": "#/definitions/string",
      "description": "The vehicle model"
    }
  },
  "additionalProperties": false
}