{
  "updated": 0,
  "version": "1.0.0",
  "data": {
    "policy": [
      {
        "policy_id": "4137a47c-836a-11ea-bc55-0242ac130003",
        "published_date": 1586736000000,
        "name": "Right of Way Fees",
        "description": "This policy sets a Right-of-Way fee that is charged once a day for vehicles deployed in a given area. It charges a 25 cents per day for vehicles deployed downtown, and 5 cents per day for vehicles deployed in a historically underserved neighborhood.",
        "start_date": 1586822400000,
        "end_date": 1587427200000,
        "prev_policies": null,
        "rules": [
          {
            "rule_id": "96033eb2-eff7-4ed3-bb93-0101aff3bb6a",
            "name": "Downtown Right of Way Fee",
            "rule_type": "rate",
            "rate_amount": 25,
            "rate_recurrence": "each_time_unit",
            "rule_units": "days",
            "geographies": [
              "1f943d59-ccc9-4d91-b6e2-0c5e771cbc49"
            ],
            "states": {
              "available": [
                "on_hours"
              ]
            }
          },
          {
            "rule_id": "62778174-97f6-4a2b-a949-070709b4190a",
            "name": "Decreased Right of Way Fee",
            "rule_type": "rate",
            "rate_amount": 5,
            "rate_recurrence": "each_time_unit",
            "rule_units": "days",
            "geographies": [
              "e3ed0a0e-61d3-4887-8b6a-4af4f3769c14"
            ],
            "states": {
              "available": [
                "on_hours"
              ]
            }
          }
        ]
      }
    ]
  }
}