{
  "$id": "https://raw.githubusercontent.com/openmobilityfoundation/mobility-data-specification/main/agency/get_vehicle.json",
  "$schema": "http://json-schema.org/draft-06/schema#",
  "title": "The MDS Agency Schema, GET vehicle payload",
  "type": "object",
  "definitions": {},
  "required": [
    "year",
    "mfgr",
    "model",
    "state",
    "prev_events",
    "updated"
  ],
  "properties": {
    "year": {
      "$id": "#/properties/year",
      "type": "integer",
      "description": "The year the vehicle was manufactured",
      "default": 1970,
      "examples": [
        2018
      ]
    },
    "mfgr": {
      "$id": "#/properties/mfgr",
      "$ref": "#/definitions/string",
      "description": "The vehicle manufacturer"
    },
    "model": {
      "$id": "#/properties/model",
      "$ref": "#/definitions/string",
      "description": "The vehicle model"
    },
    "state": {
      "$id": "#/properties/state",
      "$ref": "#/definitions/vehicle_state",
      "description": "Current vehicle state"
    },
    "prev_events": {
      "$id": "#/properties/prev_events",
      "$ref": "#/definitions/vehicle_events",
      "description": "Last vehicle event"
    },
    "updated": {
      "$id": "#/properties/updated",
      "$ref": "#/definitions/timestamp"
    }
  },
  "additionalProperties": false,
  "allOf": []
}
