{
  "$id": "https://raw.githubusercontent.com/openmobilityfoundation/mobility-data-specification/main/agency/post_vehicle_event.json",
  "$schema": "http://json-schema.org/draft-06/schema#",
  "title": "The MDS Agency Schema, POST vehicle status body",
  "type": "object",
  "definitions": {},
  "required": [
    "vehicle_state",
    "event_types",
    "timestamp",
    "telemetry"
  ],
  "properties": {
    "vehicle_state": {
      "$ref": "#/definitions/vehicle_state"
    },
    "event_types": {
      "$ref": "#/definitions/vehicle_events"
    },
    "timestamp": {
      "$ref": "#/definitions/timestamp"
    },
    "telemetry": {
      "$ref": "#/definitions/telemetry"
    },
    "trip_id": {
      "$ref": "#/definitions/uuid"
    }
  },
  "additionalProperties": false,
  "allOf": []
}
