{
  "$id": "https://raw.githubusercontent.com/openmobilityfoundation/mobility-data-specification/main/agency/post_vehicle.json",
  "$schema": "http://json-schema.org/draft-06/schema#",
  "title": "The MDS Agency Schema, register vehicle body",
  "type": "object",
  "definitions": {},
  "required": [],
  "properties": {
    "year": {
      "$id": "#/properties/year",
      "type": "integer",
      "description": "The year the vehicle was manufactured",
      "default": 1970,
      "examples": [
        2018
      ]
    },
    "mfgr": {
      "$id": "#/properties/mfgr",
      "$ref": "#/definitions/string",
      "description": "The vehicle manufacturer"
    },
    "model": {
      "$id": "#/properties/model",
      "$ref": "#/definitions/string",
      "description": "The vehicle model"
    }
  },
  "additionalProperties": false
}
