{
    "$id": "https://raw.githubusercontent.com/openmobilityfoundation/mobility-data-specification/main/agency/put_stops.json",
    "$schema": "http://json-schema.org/draft-06/schema#",
    "title": "The MDS Agency Schema, update Stops",
    "type": "object",
    "definitions": {},
    "required": [
        "stops"
    ],
    "properties": {
      "stops": {
        "$id": "#/properties/stops",
        "type": "array",
        "description": "The array of stops",
        "items": {
            "type": "object",
            "required": [
                "stop_id"
            ],
            "properties": {
                "stop_id": {
                    "$ref": "#/definitions/uuid"
                },
                "status": {
                    "$ref": "#/definitions/stop_status"
                },
                "num_spots_disabled": {
                    "$ref": "#/definitions/vehicle_type_counts"
                }
            }
        }
      }
    },
    "additionalProperties": false
  }
  